topic,topic_label,n_dominant_bills
18,Education & Community,703
9,Advisory Bodies & Task Forces,415
16,Insurance & Medicaid Coverage,394
19,Criminal Justice,358
10,Workforce Licensing,318
1,Involuntary & Inpatient Treatment,224
12,Budget & Fiscal Provisions,158
4,General Regulatory Procedures,140
11,Policy Equity & Conditions,95
13,Licensing & Privacy Records,94
3,Maternal & Prenatal Health,88
15,Corporate & Regulatory,69
2,Drug Crime & Penalties,59
8,Healthcare Facilities & Licensing,54
